,deita,saiens,target
0,-0.30404234843390116,-0.59032763169231,1
1,-1.028568017313812,0.3542361338304469,0
2,-0.6087667214014648,0.23279635907141316,0
3,-0.982015852598087,0.29056399868474814,0
4,-0.4961423368626543,0.1934011345123954,0
5,-1.4606717044905464,-1.535162859854024,2
6,1.7333333310720729,1.920015803322142,3
7,-1.0239528522543568,-0.34789114259337894,0
8,-0.7835032882567374,0.10520707286749355,0
9,0.6677533574222319,0.7212638956991939,3
10,0.5252752473719887,-0.008014196111154073,0
11,0.9552669029312769,0.9090377385066247,3
12,-1.8780849068643908,-1.835007180104813,2
13,1.2014221099882163,1.4698938844581366,3
14,1.1831083879142081,1.2141348738109432,3
15,-1.4775671801408843,-1.4599605040381889,2
16,1.9732937477794128,1.4182221850725054,3
17,1.3186847207240167,1.3968869700719535,3
18,-0.15500504753958302,-0.1931620141122922,1
19,0.9785941001437184,-0.25961362965797274,1
20,1.455524377983766,1.6538562737223252,3
21,-0.06472832263406689,-0.10961276332524787,1
22,0.03766902747007417,0.4917483199214816,0
23,-0.6444555249442333,0.6035404971705489,0
24,1.1278965452399752,1.3744663946191458,3
25,-0.4977755917051845,0.3368797066122708,0
26,0.899243991319348,0.730756367951925,3
27,-1.1966397576624703,-1.3582817647142207,2
28,0.9916912640958667,1.5373818190038355,3
29,1.0538998269629065,1.5074925009603861,3
30,-0.23148861635181778,0.6628326996613857,0
31,1.0351104930770572,-0.25987563556779913,1
32,1.1942147189680468,1.0937984283398754,3
33,-1.1048218086065433,0.1515279465469727,0
34,-1.0184029663991012,-1.1359060205619698,2
35,0.21455677103076823,-0.07994172313016196,0
36,-1.212819879608888,-1.0111898523855738,2
37,1.1545773554551355,1.4741544628071017,3
38,-0.9902993699906059,0.3920352473959003,0
39,1.2224837535088358,1.2977141047437442,3
40,-0.5116772060809782,0.6667788666568362,0
41,1.0788855784944578,1.8062511055210926,3
42,-0.1741279685446126,-0.5192668392882687,1
43,-1.531798574346168,-1.6075311803691035,2
44,-0.866303928459027,-0.6413154571681823,2
45,0.033007952435835326,0.3446811013955461,0
46,-0.11601753595593857,0.8024109583293177,0
47,1.0154746604055862,1.061224062093436,3
48,1.4941115533058222,1.333636643475448,3
49,0.5795838629297811,-0.5153558377874775,1
50,-0.49062781566496977,0.5499679039748261,0
51,-1.2371801061499452,-1.1530977216380869,2
52,-0.38501923160756313,-0.6017012224412788,1
53,-1.1667023675602437,-0.990689451792647,2
54,-0.23847066386278765,-0.7036290223958791,1
55,-1.7156150105072523,-1.1126345436998484,2
56,-0.8014974357294743,0.48468251592150163,0
57,1.4023338332087827,1.1459256652876164,3
58,-0.4817714228525479,-0.6497169040173472,2
59,1.353416185755853,1.6834112835907407,3
60,-0.8310270843873342,-0.5832075910726343,2
61,-1.1366247975489554,-1.4744243738737988,2
62,0.9947252349793173,1.1457964318007368,3
63,-1.1131933670120258,-1.5890774599949213,2
64,-0.6330608704663976,0.5660514632563716,0
65,1.4270667003884563,1.7568829508163593,3
66,1.2187949676394425,1.3612081800145766,3
67,-0.7594840060342689,-0.866781765081914,2
68,-0.5115907341358354,0.05997819489641103,0
69,-0.2508282063514032,-0.7432622571227169,1
70,0.007723770564542041,-0.22637734431262194,1
71,-0.32998432633377767,0.6550279693712294,0
72,2.1021678642931563,1.838100763538807,3
73,1.614614410692941,1.8336340989294488,3
74,-1.0223882284031043,-0.9902813114994602,2
75,-1.260377725444722,-0.5148075041219454,2
76,0.11124975831521133,-0.6196815962941962,1
77,-0.030547075799300643,0.5654633385435668,0
78,1.4417737675862314,1.059479462550126,3
79,-0.8592129749568433,0.38365390496754326,0
80,1.480083292395425,1.1557540900559782,3
81,0.080819722148032,-0.46870603616369066,1
82,1.5821023776656422,1.329936986755054,3
83,1.2836970352240795,0.8702054661443003,3
84,-0.13014929304923337,0.5381366202734186,0
85,1.6568256007290438,1.425460272612175,3
86,-0.3651346970323442,0.3960370333795239,0
87,0.16730804168168764,-0.28255521340363504,0
88,0.3887157034410466,-0.799564014212042,1
89,-1.2370381809002127,-1.2998363888079667,2
90,-1.13710129476479,-1.2481716378308167,2
91,1.181448554541437,1.4653847370538025,3
92,-0.30754376119178745,-0.27761030945336557,1
93,-0.8327208139145615,0.03946659864351021,0
94,0.30423810231422777,-0.8143176100793889,1
95,-0.14361846810550616,0.5440810858192233,0
96,-1.5174857454478983,-1.343867929173009,2
97,1.451871541583029,1.3734187085233611,3
98,0.8578712288085122,1.0733268411023622,3
99,1.1905859493792148,1.1554486840663363,3
100,-0.4238454050852237,-0.20117890590513463,1
101,-1.355910446326875,-0.6991860510930695,2
102,-0.5924822356808583,0.39152811897817597,0
103,0.22498897316510805,0.002154118540521552,0
104,-0.784671975693304,-1.1592079878083543,2
105,-1.8127411916150988,-1.7671058916527997,2
106,-1.339720361652551,-1.4538765319745761,2
107,-0.14152972356001728,0.7292393350885801,0
108,0.5456297571397357,-0.7202524319474864,1
109,-1.2211034811252972,-1.2092049427972973,2
110,-0.5499852401576,-0.3134780983037288,1
111,-1.6133666234161523,-2.0544373125988216,2
112,-0.29308697093115416,-0.44450176530303487,1
113,-1.2178935640757889,-0.8780587158821752,2
114,1.2138065666141407,1.4391099922600497,3
115,0.7783169762614538,1.1400260988163993,3
116,-1.2215153024567456,-1.2547074258660957,2
117,-1.0030355253869632,-0.7084672006443753,2
118,0.03353632269120232,-0.6598400670956899,1
119,-1.7908717863798578,-1.4169433182159341,2
120,0.6424692479043935,-0.44963926659846115,1
121,0.4935496160115761,-0.902380206079006,1
122,1.0751193206232104,-0.5300304369725967,1
123,-0.2760753250532012,-0.6324620732885947,1
124,-1.1350701203257458,-1.3963653981172108,2
125,-1.5382656040631164,-1.4124118458487371,2
126,-0.6870493779836587,0.38739645922037136,0
127,-1.1548520722893647,-1.0229881575803834,2
128,1.1368675714115226,0.7236150769605002,3
129,0.6970196963683901,-0.8005977007480931,1
130,0.06565923672947059,0.18773086955180804,0
131,0.18673114677195476,0.11581171661034245,0
132,-0.16797803401850475,-0.2494764283879975,1
133,0.04909687990698086,0.4375019969175858,0
134,-0.07254276990300244,-0.440868290997725,1
135,1.534208577219242,1.3141102830923643,3
136,-0.6216261544423867,-0.6500192045920624,2
137,-0.2872329468085791,-0.4533076463752374,1
138,-0.02836766948005986,0.5064586343357756,0
139,1.320671469209847,1.7687056592212091,3
140,0.7423914503411218,-0.5346795577776587,1
141,1.1913721646879105,1.2847305878691726,3
142,1.5431513852241967,1.0083899731660813,3
143,0.47646507187061,-0.5082892830584794,1
144,1.491602303399241,0.9186921173343237,3
145,1.3633274601541614,1.0488502565873212,3
146,0.4216858333995999,-0.6813670261521702,1
147,-0.4139992518253099,0.507862656608149,0
148,-0.6752526069931218,-0.7497268186167453,2
149,0.32971108369698293,0.2134079755082752,0
150,-0.404828829825519,0.22128234315144601,0
151,-0.30459736159247897,-0.19928037479247246,1
152,-1.1136941792805717,-0.12727853585330032,0
153,1.3294905523627503,1.2501215875695275,3
154,1.0735346788451663,0.809866980690032,3
155,2.0670814418794357,1.6986307037853414,3
156,0.13832777770539756,-0.49081334620803874,1
157,-0.3080547940144581,-0.14351511460236796,1
158,-1.5307785259302948,-0.9020307008709129,2
159,-1.0797005300606155,-1.0127624984044132,2
160,-1.0489562140662236,0.17419621273935956,0
161,-1.0596192424327924,-0.8853387005660868,2
162,0.827566193334612,-0.6623978153186244,1
163,-0.8435022807097716,0.7547479919684016,0
164,0.04173113313374324,-0.3177057820349302,1
165,1.1138378256689734,1.022037312483567,3
166,-1.5083571814632477,-1.501759873338515,2
167,-1.1525442115446074,-1.1610620512852043,2
168,1.1132268966014687,1.7446581896252085,3
169,0.8728417676676808,0.9405434386860919,3
170,0.4828559490387988,-0.9549642783321204,1
171,1.1008084688320166,0.994725393291972,3
172,-0.8275751645139268,0.4437458261768688,0
173,-0.6467417191586716,0.7689253448088693,0
174,-0.7669207012382236,-1.054875235705361,2
175,-0.9897703975987361,-0.06492408993935408,0
176,-1.3645642114831376,-1.4475351368861165,2
177,-0.34819873605365953,-0.474067165608026,1
178,0.00850874891209788,0.36267048326002405,0
179,0.5766124314364673,1.1740327554539416,3
180,-0.8656608958689381,0.14211878802398978,0
181,0.6344452179661222,-0.4606523476044365,1
182,-0.4589816313520837,0.8169712082649017,0
183,-0.9414217057655202,-1.2772089671677023,2
184,-0.7990306870405803,0.6319895375922261,0
185,1.1339997359321898,0.013113827823470668,1
186,-0.0008179517577294984,0.6274822369970546,0
187,-1.3940175592122004,-0.8485015580673769,2
188,1.7280246724286048,1.7964989354055003,3
189,-0.25733791555660224,0.25776508738358783,0
190,0.13090546321933202,0.1278669469063259,0
191,-1.4525025000595881,-1.4565861697033726,2
192,0.8056541182219367,0.9717777511953348,3
193,-0.07690307028893571,-0.014120809792953729,1
194,0.4499782403548375,0.2685441940541527,0
195,1.299090800187026,1.5973599881431464,3
196,0.2083976771022451,-0.5317275802197646,1
197,0.4257284950497125,-0.6116919648032205,1
198,-0.6660765033761556,0.10224666339285605,0
199,-1.0298456038674042,-0.8518687483403118,2
200,-1.061609647499848,-1.2978765018454037,2
201,1.260675406564202,0.9780836127474193,3
202,0.8724056805412755,-0.03509229248368886,1
203,1.0873895734312609,1.6309794533531299,3
204,-0.04585951844842117,-0.0862382585903967,1
205,-0.033071931559113796,-0.5228923706025963,1
206,1.2082869122035897,0.9498131212985658,3
207,-1.6762561164698053,-1.2193911775886606,2
208,0.13328315881084724,0.24743530365260144,0
209,1.5455211105548776,1.633641544490294,3
210,0.926600896505674,0.760036695016325,3
211,1.1247838956975982,1.3774043344505964,3
212,0.09954534182742053,0.5197188352026307,0
213,0.9199517592075098,-0.210875084302103,1
214,-0.9491321216162895,0.5283314749094885,0
215,0.2568942729059249,-0.31000642075909973,1
216,-1.739686286540306,-2.044439925670357,2
217,0.9739468065062392,-0.13984662931475375,1
218,-0.949172721536146,0.1393358174082893,0
219,0.07984913358728236,-0.6589777503309803,1
220,-1.5381958894311483,-1.0706951230411255,2
221,-1.3068476043574857,-0.8662529504913214,2
222,1.259314166257472,1.2221776143226366,3
223,0.3473503629650615,-0.6243173948377598,1
224,1.3511959097751307,1.8216130949091633,3
225,0.941011478073222,-0.2020183101351584,1
226,-0.2848859516686257,-0.37203749070999,1
227,0.5880881617922131,-0.44748583452382795,1
228,-1.1535035147087087,-1.1399626656666506,2
229,1.2477247524880806,1.845632501743857,3
230,1.0191519464169208,1.0002216211541073,3
231,1.005793163716256,1.6552201777078193,3
232,-0.7984468185360469,0.4958392348764275,0
233,-0.535873339185349,0.5356505095356566,0
234,-0.31405789258481354,-0.2751328012561547,1
235,-1.3852305848403506,-0.9074152033975718,2
236,-1.6442921500521805,-1.1525273946200427,2
237,-0.9401320850017475,0.48500944627054676,0
238,1.1334212515276318,1.3511342591655136,3
239,-0.11993438453469063,0.19399344599856808,0
240,1.056847502666938,1.6244744155827913,3
241,1.8802459319006921,1.2800634294974618,3
242,-1.243831355941728,-0.7491497478744504,2
243,-0.8375088655280979,0.4072658821959496,0
244,1.237236918653263,1.6538811496704655,3
245,1.2313247368997655,1.2319683746153234,3
246,0.39758256337305925,-0.7648609216566038,1
247,0.1609247658543718,0.8259691221508603,0
248,0.7179125194272421,-0.6413057245971409,1
249,0.2338260209650502,0.07726359406706679,0
250,-0.6203321094514467,0.3015881960768352,0
251,0.8980986233094886,-0.5599168222167675,1
252,-0.7116392634094315,0.2370152423979606,0
253,-0.4943839428255103,0.5643442501885626,0
254,-1.7035181497306189,-1.5978061694432886,2
255,-1.0989518761980472,-0.6191563598440332,2
256,0.4723833060119969,-0.6437693328015309,1
257,0.8153818782766333,-0.5376034670220659,1
258,0.2691167764478726,0.4941435070051829,0
259,0.5079702198685695,-0.1788035134554427,1
260,1.7675154146572813,1.3836949554593276,3
261,-1.3188388981774029,-0.7638991096713884,2
262,0.30301407072745495,-0.5610808732633541,1
263,1.5276993791406144,1.158530662545177,3
264,-0.8972738437644998,0.10742798376146899,0
265,-0.49485211500591586,-0.4479106285006409,1
266,-0.914549649397479,-0.53595161996469,2
267,-0.3859013137484572,-0.5142200363434215,1
268,-1.9972606627882623,-0.9964838449608742,2
269,1.4677793246957624,1.8704527981297268,3
270,1.299956104463592,1.2226995935052654,3
271,0.3517494973923171,-0.8518389340783578,1
272,-1.0386860589227045,0.7006568632059491,0
273,1.0554259627326668,-0.16910013141162356,1
274,0.8486531760348517,-0.706014916270775,1
275,-1.4887467111425905,-1.4523305808942732,2
276,0.014234025950717379,0.3374890533322234,0
277,-0.15960486151712586,-0.9628524511579569,1
278,-1.6802551517087556,-1.7055077030016665,2
279,-0.8088991086153455,-1.1955352568850832,2
280,-0.8361082436650393,-1.178472274059389,2
281,0.03217498993696658,-0.7674629529087158,1
282,0.8400191382360256,-0.39440054403735303,1
283,-0.7258994828088616,-0.734708326661997,2
284,-1.1593981252560508,-1.8725065075186502,2
285,1.2676039131048054,1.5348439224152564,3
286,0.2855791589209882,0.0971589306590409,0
287,-0.8116060154349773,0.4074196977212114,0
288,-0.4090311596321795,0.5269071356225751,0
289,0.34411369430403427,-0.4996221895261944,1
290,-0.783445128628328,0.09543895843985203,0
291,-1.7145490341802105,-1.5360257850152417,2
292,-1.002830566243369,-1.5106880313628919,2
293,-0.2820378663416116,0.28734660266588763,0
294,-0.03238435506662262,-0.5522160318476188,1
295,2.1986222009586305,1.9239890471206325,3
296,-0.8067041652853308,0.4388905940577636,0
297,0.6727135551619169,-0.7120523072243329,1
298,-0.3825975037964002,0.33452946979892373,0
299,1.1224019385495507,1.2830137993745636,3
300,0.12972180701003433,-0.8098135725624998,1
301,1.7140380790760659,1.6584148741405074,3
302,1.1345013946305564,0.9688564236081949,3
303,-0.42926003485125697,0.41995013649923524,0
304,0.262710180554197,0.9326776449578845,0
305,-1.3196116549059913,-0.7840798198140967,2
306,-1.6916696369299082,-1.5507578511848361,2
307,-0.281378587578154,0.002870974210759884,1
308,-1.0274138253267138,0.11770605085821588,0
309,-0.7769583708581856,0.3822691358913874,0
310,0.8790802240174674,1.2400368196177423,3
311,-0.5629198640251007,0.685593781148609,0
312,-0.09591837762844857,-0.46834269368385734,1
313,-1.1827320267412615,-1.324077267522368,2
314,-0.4284445053395266,0.587159625396378,0
315,0.1277162236979116,0.02448739333456784,0
316,-0.0015495154986679771,-1.0417711145381001,1
317,0.2040879577172754,0.17154571506967525,0
318,-0.06475063559331741,0.4792951466799832,0
319,-0.9329582894053123,0.48520540902223747,0
320,-0.0738592098119678,0.5200543889076984,0
321,-1.2029603335872239,-1.1906680904853255,2
322,0.43883077751743127,-0.21878410331762102,0
323,-0.9198881367702598,0.09905224217018514,0
324,1.1150258258343149,0.9723332595542751,3
325,1.1364163794962907,1.656567530920729,3
326,-0.9481552819930157,0.12556998144493428,0
327,0.8001532874708318,1.223319996847642,3
328,1.2580234145915945,1.321121174123419,3
329,0.037524535437410536,0.37621602126880094,0
330,-0.127460707836659,-0.49874075791318745,1
331,-1.3631223189173567,-1.2865431890602879,2
332,0.9880592826975642,1.316568739562528,3
333,-0.1842959930930226,0.6094822916086167,0
334,0.841583172561257,-0.41835100243375956,1
335,-0.9529018492621989,-1.3359031427500028,2
336,-0.3211864279683295,0.8218076658166835,0
337,0.15053397890670037,-0.6404713294868659,1
338,0.03447902991434171,-0.4089211212145579,1
339,-0.12337158777919068,0.6177207068153058,0
340,-0.5313872535394905,0.4936514088698056,0
341,1.4484151171239583,1.431796606531733,3
342,0.7635176568004749,-0.7032717859781435,1
343,-0.4347253148348733,0.5122453237314082,0
344,1.379089217406162,1.1173693111027427,3
345,1.8560962642738967,1.4786897757733857,3
346,-0.2354078654639502,-0.5708334241684639,1
347,-1.3335681783687237,-1.5845104069236116,2
348,0.9947474740030298,-0.4692246439167896,1
349,0.04882876411862077,0.280636574987377,0
350,-0.8430258764276218,0.43256281980447736,0
351,1.5288661996581225,1.687501581687618,3
352,-0.47710789712223617,0.5518830578488424,0
353,-0.22263566945186716,0.4180295502738308,0
354,-0.8766052717956007,0.3729914623752119,0
355,-0.35866872419724,0.5909650738882545,0
356,-0.1204904711885037,0.29783739522771274,0
357,0.7758872140540101,-0.09326828165103783,1
358,0.0710062206276464,0.449097027625374,0
359,0.8956818833287747,-0.2864511683015357,1
360,-2.027218616151574,-1.2657826896804045,2
361,1.0035000787958168,-0.33916225344745154,1
362,0.32136193352314146,-1.188579805134396,1
363,1.6199252835046225,0.9598588957408287,3
364,0.28712818796960377,0.207542773316979,0
365,-0.4891580065886613,0.4564194433104702,0
366,1.3514740392948932,1.8511744608414926,3
367,0.22775419378953518,-0.9405155540054305,1
368,-0.03256350850506526,-0.7170508913563381,1
369,0.22251136765198232,-0.13806944314155117,0
370,1.4910587881664452,1.0511097269394314,3
371,-0.986076188450299,0.0653680534190482,0
372,0.1611036097742514,0.5833858029665978,0
373,-0.001994878491767421,0.3248206461829354,0
374,1.2368447130351432,1.6543120904072373,3
375,-0.7282235342530569,-0.8304759276543804,2
376,0.5699590117202636,-0.8602543397134436,1
377,-1.0590146130395344,0.2684442403412124,0
378,-0.14068958864706785,-0.279133451591518,1
379,-0.37974506359499804,0.4318048907875691,0
380,0.42576561139941005,-0.7949779125562326,1
381,0.6462629402515557,1.6437455010832354,3
382,-1.4131397530757774,-1.3040315635168127,2
383,0.5622036651840729,0.04729280811375268,0
384,-1.141521697729438,-0.8878644369058823,2
385,0.7661920342840413,-0.352015605775771,1
386,0.06681729098004503,-0.47928811191926707,1
387,-0.6873114993683029,0.2059425879768681,0
388,0.2832676842124088,-0.8342895477128545,1
389,-0.029390896862638287,0.12664537578674204,0
390,0.9325591338555086,-0.12094568403697277,1
391,-0.9275783481711959,0.7900583236778125,0
392,0.9838188719780667,1.5880530931216728,3
393,-0.3848969258171708,0.907692878391056,0
394,0.19646289007456158,0.11566643472510454,0
395,0.6979640513839247,-0.632407616591662,1
396,0.21402394887075793,0.27271611351880026,0
397,0.5671297421477175,1.402970856068157,3
398,0.8477979386218982,-0.21424062283477147,1
399,-1.215401560836116,-1.23909440881179,2
400,0.3213388339643354,-0.27640593726886425,0
401,-1.4597027412307253,-1.2887511558315592,2
402,-1.7149535376959517,-1.1231527655905085,2
403,-1.1240136814135424,-1.1406799602685114,2
404,-0.8385048635531497,-1.5869058140373624,2
405,-0.1009549092810885,-0.8004184197145707,1
406,-0.14764462912374166,0.5204272714036803,0
407,0.23382342567645562,0.45679788641993074,0
408,0.43491410839209615,-0.6252502491563977,1
409,0.09184632756468017,0.33562738471015396,0
410,1.2877392390323392,1.5661975203925769,3
411,-0.7121712608142783,-1.3337550042328812,2
412,-0.7788857162021774,-1.066461245274442,2
413,-1.074154669672305,-1.1210529435779115,2
414,-1.0627945679535036,0.648165975004033,0
415,-1.0188170054008396,-1.1978867507829265,2
416,-0.9802593949753692,-1.0133515618669389,2
417,1.1028990634577973,-0.22322021847945114,1
418,-0.9909203244386585,0.19028651581962822,0
419,1.9410725988541877,1.5502925365571947,3
420,0.7581712001439482,-0.6485559874849235,1
421,-0.3855705454073014,0.7471033216624314,0
422,0.6934561676333242,-0.4827418615739785,1
423,0.8533355136696111,-0.6015378651278293,1
424,-1.0906358891348993,-1.536652570653873,2
425,-0.7414344229040154,-0.8100344252995232,2
426,0.8477122035850556,1.5802681245973642,3
427,-0.23965153763402935,0.4618915508577759,0
428,0.29028099578012206,0.3107661905471112,0
429,0.9870114682447751,1.1211539802795396,3
430,2.0634180519896805,1.725794678707969,3
431,-0.8030527953493504,-1.345768628814568,2
432,0.8283530450028005,-0.6775555173402158,1
433,-0.38420193958820686,0.6354272710301095,0
434,1.6067963390982312,1.4929883230433802,3
435,1.5761381480226997,1.2859140926280794,3
436,1.7912472359254332,1.274511513303514,3
437,-1.5240179540803183,-1.4456451880335053,2
438,1.4590648036552951,1.5216973773169908,3
439,-0.18944649781702988,-0.47403523804734843,1
440,-1.065462286189986,-1.1874967544407864,2
441,0.12362375847689094,0.413656963468195,0
442,-0.012467806916527746,-0.15807443404488308,1
443,0.0017504211461168058,0.3630688921298377,0
444,-1.5927515191565074,-1.0663097987158527,2
445,-1.3455339635937853,-1.3540562951250228,2
446,-1.1000038708865238,-0.7911683116115814,2
447,-0.8422674986613297,0.00816239176925637,0
448,0.20443266820592193,-1.2022049900813163,1
449,1.5951891330101082,1.5195676098156916,3
450,-0.07021725350654068,0.6481199170519527,0
451,-1.450982774178069,-1.55602186218602,2
452,-1.171868625459179,-0.9836919475024749,2
453,-0.9674011624574015,-1.0531575820408339,2
454,-1.5543457358770014,-0.9595985111581262,2
455,-1.6119760727931745,-1.3450261248351079,2
456,0.15324699920652698,-0.7712058468883681,1
457,1.353773808698644,1.899680105512565,3
458,-1.3629890622753145,-1.0336769945293403,2
459,1.4859926957766072,1.2291121915993373,3
460,0.7313992350531497,-0.24831789486024003,1
461,1.006063135574475,1.2138832078422275,3
462,-1.765033843261935,-1.1421488254158985,2
463,-1.267418506387554,-1.464395985262007,2
464,0.07168758206730091,0.4366841339005718,0
465,-0.015055657043721585,-0.5236012819634639,1
466,1.2271184895755956,1.3022818183950442,3
467,0.834227204191907,1.0756642285924114,3
468,-1.6337889431373909,-1.4378157360992827,2
469,0.18473363415124833,0.508182781848376,0
470,1.3518454089702867,-0.46426368529404904,1
471,-0.727994561470871,0.4916682323503084,0
472,0.11508197011434018,-0.5482861697564814,1
473,0.4439515008884576,-0.8365436759873843,1
474,0.1479309605561436,-0.4660298945612588,1
475,1.7525308966734814,1.373360695946542,3
476,-1.3893553823681646,-1.7767288713812555,2
477,-0.9206034722793119,-1.8502130778152268,2
478,0.09569076388814737,0.3468044970899137,0
479,-1.48497337128006,-1.62325223217484,2
480,-0.09903903929521048,0.5224195176898024,0
481,1.1609725490072713,1.0686678785563386,3
482,0.4340883612032794,0.13760405638316187,0
483,-0.08131347385110733,0.34601949128230636,0
484,0.23256191695970974,0.1759525695731534,0
485,-0.08275834404023906,-0.41483046018444564,1
486,0.63273051897106,-0.5436165252751494,1
487,1.0378111358795323,1.6697429175802847,3
488,-1.5874750941818139,-1.6249207327157231,2
489,-0.165132891863831,-0.45533299780300446,1
490,0.624198203221514,-0.6114818928623729,1
491,0.5464669452483527,-0.41386554587479585,1
492,1.7977350319615486,1.0179260100357561,3
493,0.9358474153084247,1.1865033382361292,3
494,0.9113110063831276,-0.17975920127803158,1
495,0.13143857144886725,0.41566597702072566,0
496,0.0425435548920089,0.44844023441241126,0
497,0.682429860511912,-0.19553283546004535,1
498,-0.30055484041661285,0.5520232047163125,0
499,0.84570355117943,0.017707665243364975,1
500,-1.3392138103458233,-0.8749699608034665,2
501,0.0613565834096713,0.32344843596043615,0
502,-0.16489082149525855,-0.6694586820694814,1
503,1.3098263204046117,0.9563619953957959,3
504,0.04855274542955974,-0.5344405941849271,1
505,0.30227940356745076,0.24951864982723784,0
506,-1.5185590980126176,-1.127285232424056,2
507,0.6855960450812256,1.11621878099486,3
508,-1.757917112945321,-1.3420390481219866,2
509,0.8453584239252848,0.04391099752875397,1
510,0.09724118258377032,0.01985156555007811,0
511,1.1378104824440722,1.1933214147720428,3
512,-1.3966644723741797,-0.9541251779804968,2
513,-0.04519875416752692,0.3310048320487038,0
514,1.3610041983541574,1.2513332899335183,3
515,0.3617167739628038,-0.4615375358155803,1
516,0.9675413658229948,1.1371806128468445,3
517,1.0377867532247165,1.7629401499552388,3
518,1.0796352937584817,1.3130984672299697,3
519,1.0986423782334247,1.0887306020618523,3
520,0.03830932028495418,-0.152532647200553,0
521,-0.21080820141897227,-0.033977426683256706,1
522,1.4746920566906667,1.040143311635407,3
523,0.3540872179544656,0.30244765871316753,0
524,-1.3683204157996538,-0.9138447921685598,2
525,-1.5705185425896409,-1.6097124663692113,2
526,-1.2524058976788564,-0.8095141062004182,2
527,-1.6298069486707756,-1.3308629625085624,2
528,0.5141603992820054,-0.582415952667058,1
529,0.9970473434591833,-0.2005022216545166,1
530,-1.124383791072611,0.0426352943747985,0
531,1.1828085498861114,1.6825599636472515,3
532,-0.3723495688141757,0.21374918526333572,0
533,0.1238064901762118,0.43934609045730266,0
534,1.0627868415069832,0.8451023061388968,3
535,-0.5489850569318404,0.6520831659887976,0
536,-1.4587092889353397,-0.8438128468517151,2
537,0.9309714298565778,-0.32486143064567613,1
538,0.0820128963230224,-0.7543902511855587,1
539,1.2553568333237803,1.8830646170767746,3
540,0.5752332351746583,-0.6017742284126653,1
541,1.181392573204103,1.4417505716538226,3
542,0.9230044209511712,1.3008298090458499,3
543,1.0359004323785694,-0.41202281408263747,1
544,-0.7065811801277658,0.37425028268793253,0
545,1.247596318177876,0.9786451364582538,3
546,1.4391062802490149,1.2806066795680644,3
547,1.6333205074042252,1.6529434864709611,3
548,0.32505766469249514,0.165345871845146,0
549,-0.7875281041736752,-0.31967176647053963,2
550,0.5903769217533966,-0.5979427160190093,1
551,0.4678147116314417,-0.516482002951861,1
552,1.1080512371325184,-0.13514088033796146,1
553,1.248096293068102,1.371771228428319,3
554,-1.3802906625235865,-0.6335496877416606,2
555,1.4022874158437415,1.182503944039119,3
556,-0.6703065711008644,0.018522551431324398,0
557,0.7907778827839829,-0.7901334263940069,1
558,-0.8024384007485309,0.4245027762466324,0
559,-1.040538597112361,-1.3940202827659687,2
560,-0.8163869053620588,0.7659085422808336,0
561,-0.4609577456772374,-0.6747432618528709,1
562,-1.1018003246397243,-1.1851031193044657,2
563,1.5057537125268403,2.2781041569403264,3
564,-1.3104970389099428,-1.1652992377498268,2
565,-0.8049100081510946,-1.0255084999562052,2
566,0.1136350700564475,0.32108011336416264,0
567,-1.4641735256933812,-1.0091384239843493,2
568,1.600565210524084,1.3669970462482754,3
569,1.5674920471932585,1.847589887037912,3
570,-1.0371068969050286,-1.207862101029889,2
571,-1.137713794429968,-0.9867053523704292,2
572,1.0107014084333554,1.5271120531401061,3
573,-0.2218165626430702,-0.3133039820773154,1
574,0.7665438816372226,0.8913180127472462,3
575,-0.17558635186356686,0.38046241062007885,0
576,-0.5420390412434454,0.5927304862956593,0
577,0.2241202699764996,-0.022643213079084096,0
578,0.22430996964738878,-0.5922009435830524,1
579,-0.6809645428964763,0.11653709228460989,0
580,1.0309119842581578,1.494192587157098,3
581,1.5784430944302386,1.4750261259283035,3
582,-0.42936809068024345,-0.6123782326701906,1
583,-1.2768851513193062,-1.3800601270315787,2
584,0.8991617273850694,-0.32857109710794125,1
585,1.216255555587812,1.15247274795235,3
586,-0.25500970696664016,-0.049939044619310535,1
587,1.590993777533451,1.1497760052434862,3
588,-1.6680850556318658,-1.4096153895608512,2
589,0.613246669844489,-0.12624720927690591,1
590,1.3626630899243548,1.0590885679931301,3
591,1.2983658208929751,1.7285283252589685,3
592,0.014208772849405471,0.18015491714042703,0
593,0.8518384283907334,-0.5148076751011089,1
594,0.05024000316232073,-0.8356761057262688,1
595,-0.15177226447966516,-0.9511699316213201,1
596,1.3839829470027596,1.5365781017344142,3
597,0.27501944744649526,-0.11964294082948591,0
598,-1.3577697412127232,-1.3796989442561909,2
599,-1.1560401067696395,-0.9808813700338275,2
600,-0.49217794880395166,0.2651191414125826,0
601,-0.0479571875748339,-0.6215309115642,1
602,1.434706478786495,1.4529960454450352,3
603,-0.3437813292857724,0.44879511632088104,0
604,-0.8779996364904014,0.2693429942189298,0
605,-1.0558058904046779,-1.1542782450070306,2
606,1.1761571503123833,1.1715616643347673,3
607,-1.2415915702278353,-1.2036343114943486,2
608,1.3713928217704798,2.0489502190633404,3
609,-0.3600161140102858,0.4546601861884956,0
610,0.9490283679972868,0.9320407489107015,3
611,-1.585306863403269,-1.5726563330506635,2
612,-0.3120285096657066,0.4277637896702383,0
613,0.30016054507950024,-0.5381342702525881,1
614,-0.3185422448610464,0.6716486472965016,0
615,1.770233738161189,1.275897139386046,3
616,1.237106460704992,1.2755841811768278,3
617,-1.044542964189507,-1.0645328511816108,2
618,-0.33808155571900134,0.4108435968219453,0
619,0.1620686489163249,-0.0013739172358014813,0
620,-0.8760796417200867,0.3379092616151039,0
621,-1.273088194510468,-1.3117996749891108,2
622,1.4493789159441473,1.5372608172637388,3
623,1.4097868748709645,1.1108426911762292,3
624,-1.0315116780157183,0.48335855801002126,0
625,-2.323426610373663,-1.5073522576763874,2
626,-0.8335645037409596,-1.0575791618890036,2
627,-0.47036329926068027,0.5395967718185578,0
628,-0.5546912754377645,0.3713646482774781,0
629,0.17185567624630543,-0.8123877063950911,1
630,-0.22482013099193335,-0.26810076857428716,1
631,-0.9186497717079394,-0.8505540835160565,2
632,1.0356819098942287,1.1870759907093347,3
633,-0.5483007557054888,-1.1968669451483496,2
634,-0.8728997093387697,-1.2082635926382828,2
635,0.2830589474290197,0.06955510871288362,0
636,-0.4616077617726476,0.8305198478804343,0
637,-1.4166501590344045,-0.8866761881599478,2
638,0.5109802332337132,-0.6724353131990568,1
639,-1.4542668486121562,-0.7437494400636734,2
640,-1.3033498197473457,-0.9645144612667869,2
641,-0.448156027096769,-0.4924158666600881,1
642,-1.0674849488789393,-1.029751657867871,2
643,0.8798041546920783,-0.3565797483526895,1
644,0.5476103887284826,-0.6042780057492135,1
645,-0.2993251337250634,-0.346765864832479,1
646,0.5784150790806915,-0.9278639838413402,1
647,0.15694354470439964,-0.6805993226318,1
648,-0.3234526001112787,0.5204638150225078,0
649,0.9053866009697213,1.07556988402484,3
650,-0.9085599643676447,0.7126351703923,0
651,-0.9051949620752063,-0.05937173284794865,0
652,1.1960661840672562,0.09515513374150647,1
653,-0.6917742879550414,0.041693892496425404,0
654,-1.7389463540985552,-1.6151427890308185,2
655,-0.2529101109258734,0.38631610342558714,0
656,-1.36493099491661,-1.2096140569904947,2
657,-0.02017168916366404,-0.5619110272420305,1
658,1.2878626129807706,1.9088242697723,3
659,1.085488608900763,1.361747036843635,3
660,-0.19971111444124212,-0.5323797822506529,1
661,0.9672465952422982,1.415246979608338,3
662,-1.0193115415743712,-0.8573787878109099,2
663,0.33410293225994125,-0.4372378634341,1
664,0.31228483665183676,-1.0198711683146988,1
665,-1.858778152159007,-0.8426214546705879,2
666,-1.3922703584242333,-1.2999266148834776,2
667,0.8164225897859139,1.4483399537834836,3
668,-1.0494389905660013,-1.383444397275726,2
669,-1.2015896249314868,-1.2907662440964593,2
670,-0.145062165962266,-0.18175778663318432,1
671,-0.7164839617625964,0.0774436966385708,0
672,0.5097363390716385,-0.8271466015374511,1
673,-0.9441692016500557,0.5276617312215427,0
674,-0.8778744987299273,-1.656844728074513,2
675,1.9172241436635824,1.5124835617390442,3
676,-0.8725664091758829,-0.04125407697220656,0
677,-1.342543909780256,-1.411323834521204,2
678,1.5134431219700704,1.5827331589599176,3
679,1.7064293511141346,1.108284748086343,3
680,0.30790304374303573,0.015729700648439256,0
681,1.028729076711421,1.2219650014243042,3
682,-0.056882535656882734,-0.6306518493453506,1
683,-0.2060810911957574,0.6329836614621482,0
684,-0.04600120254944359,-0.06791028134264773,1
685,-0.07482029704776408,-0.6976480394622633,1
686,0.819686436948683,1.4993877512036364,3
687,-1.549990591588103,-1.4593908642995688,2
688,-1.2919597969198828,-0.9822145207616682,2
689,0.014202134824369932,0.7302195887450054,0
690,-0.7543500714774517,0.4881491230511314,0
691,1.69224932458815,1.4533231051979585,3
692,1.0095734863000854,1.134133865547308,3
693,1.3140149999969386,1.5390869173113377,3
694,1.1698872002019303,1.494970656233217,3
695,-0.8954550763380387,0.6357021250092496,0
696,-1.2795011907958698,-0.9450849460998126,2
697,0.10102892379418878,-0.33136660207409663,1
698,-0.17824891879713264,-0.38765862797420103,1
699,-0.34360024411515144,0.6815834648354415,0
700,-0.9068673612051461,-0.7085617016077755,2
701,-0.23404263306311923,0.7081529587552997,0
702,1.4719716321802951,1.5879725086108485,3
703,-0.3514175152944753,0.0818730906388552,1
704,0.47388386762733364,-0.4398107911160328,1
705,1.1573768262511577,1.8069703802838875,3
706,0.7998985863659639,-0.5906354405102139,1
707,-0.8251745893276818,0.27225570071453614,0
708,-1.2740281866119731,-1.34747414931921,2
709,-1.3462219460123206,-1.4035751293263905,2
710,-0.7942804069705365,0.2887498293478306,0
711,0.8972917475159222,0.3944502699526024,3
712,-0.9862618771218131,0.11206830254157618,0
713,-2.0049157631871743,-1.5001543807563533,2
714,-0.7298442857939901,-1.3207827319341507,2
715,-0.03406036792830044,-0.562647189796695,1
716,-1.1882639725047994,-0.09627852284736355,0
717,-1.2436640372614691,-1.1064304046862128,2
718,-0.9867713177876948,0.11970068523176579,0
719,0.04821417812662732,0.5154407697140239,0
720,0.838340979003083,-0.4862950888404876,1
721,1.3323570593234286,1.1970401685009684,3
722,0.5029875370813509,-0.9435752560185883,1
723,1.436562212975305,0.9412352163825252,3
724,0.8321166702885382,-0.6580574619018469,1
725,0.7696256957536448,1.18312280949179,3
726,0.48791917799066387,-0.48055124373483565,1
727,-1.1541339723936597,-0.9176382344435252,2
728,1.5732634615847452,1.0300671025962695,3
729,-0.8439215778751041,-0.7485395049815659,2
730,-1.173284831752185,-1.2729159969591084,2
731,0.534252795304162,-0.7278632889982026,1
732,0.4150698191278563,0.09426402713614095,0
733,-1.2572547480993448,-1.2123500483220797,2
734,-0.04692827200984805,-0.4954068162314972,1
735,-0.0616695247440642,-0.26792759513135156,1
736,1.1552102025548086,1.5165741711563194,3
737,1.4412566261201767,1.9372305644707672,3
738,-1.4859696670270366,-0.8095084317264849,2
739,-0.6882854814639036,0.024679790700900723,0
740,0.4549681817185549,0.4770699072718675,3
741,-1.3919218925644048,-1.2966453305592207,2
742,-0.6376847131664778,0.3884788775803511,0
743,1.3646369218996641,1.1646037727781056,3
744,-1.16669304054043,-1.2640711443711363,2
745,-0.9217405207260185,0.2883749771511578,0
746,0.1805632467663565,-0.5399562063787202,1
747,-0.2829757227626138,-0.35046687320612496,1
748,0.12453205817053692,-0.875413413669647,1
749,1.098324603891729,1.0407621389821315,3
750,-1.104643208604087,-0.9050582537726032,2
751,-0.08917558302260287,-0.45286517563308964,1
752,-1.4496679329990736,-1.6437457495700283,2
753,1.7054463477985222,1.1032539914148454,3
754,-0.6386976170200953,-0.031168349530194667,1
755,-1.1947993903151504,-1.4868695164827626,2
756,1.315150568611928,1.4039258329340232,3
757,-1.199319735309692,-1.3292882572064357,2
758,0.21300937420918536,-0.3638728157176389,1
759,0.10606431646416897,0.06940225256697327,0
760,-0.14653328676239816,-0.32016965372369754,1
761,-0.8794804506016339,-1.0678881936355145,2
762,0.1161852811619633,0.31714495187894715,0
763,-0.3996244710029666,0.37805591288173057,0
764,1.261052578057464,1.2623142097015243,3
765,1.7424162571144703,1.314564947021028,3
766,2.071373615441114,1.40444901497125,3
767,0.9120846139253589,0.03324618915407923,1
768,-0.31568916968798705,-0.013145595310441583,1
769,-0.7033047253080313,0.4390968247714792,0
770,-0.6396620959791227,0.4496612559304398,0
771,0.6771612011832139,0.8047744860302296,3
772,-1.414507424161253,-0.8921576265031441,2
773,-0.22555251539319182,-0.3746416754310825,1
774,-0.7496984402696798,0.5351896884429735,0
775,-0.36361513425018793,-0.4546308091289292,1
776,1.569732648115705,1.9499709340281075,3
777,1.2176160981073991,1.7186688042992206,3
778,-0.15843882527168454,0.5394404132420063,0
779,-1.1533753424602344,-1.079576061766649,2
780,-0.24639369611775477,-0.15499641256819982,1
781,0.4083454113761738,0.43376734250640187,0
782,-0.10166797038954575,-0.13663404991962466,1
783,0.22506800687039924,0.34581271851623463,0
784,0.7714033086407365,-0.6054143430231247,1
785,1.1277996605280372,-0.47923524712600646,1
786,-0.2760042973855985,0.40071299630339796,0
787,0.43745200259085393,-0.8297213433092484,1
788,1.04717397298818,1.071961247160567,3
789,-0.019321412591117828,-0.39661652586695323,1
790,0.3574614317175816,0.5138310625622683,0
791,0.6770708677777031,-0.7258902909879861,1
792,0.6364596029372888,-0.7235476545115352,1
793,-0.8828648943895625,-0.9236978960023813,2
794,-1.682286105001635,-1.2273842727897002,2
795,1.0237760731541876,-0.18225141872067463,1
796,0.8863417779475561,0.9675636390609558,3
797,-0.9724913067809597,-1.1185401961272772,2
798,0.20932002689120957,0.3008695089862745,0
799,-0.06729201577546241,0.5886609302718383,0
800,-1.149692968452261,-1.3589250001756241,2
801,-1.1888804133228692,-0.9713183675499045,2
802,-1.1256044864959893,-1.0867679769948604,2
803,-1.6618988485331525,-1.0809441268635065,2
804,-0.9159727540391593,-0.04948585340506166,0
805,0.700350594567155,-0.5141680309743524,1
806,1.3377836177017468,1.9176665919554574,3
807,0.46715021998342515,-0.822312969345734,1
808,-1.2536576517212141,-1.3693427545973986,2
809,-0.03961134088371996,-0.40992429246674006,1
810,0.8063564744309926,-0.43088709222319144,1
811,-0.8003708829153648,-0.900415876200053,2
812,1.1938149188557927,1.2150770815056933,3
813,-2.029688465335562,-1.8617446440096768,2
814,-1.312356783930516,-0.7202728931868525,2
815,0.6950671639116112,1.3480838982691346,3
816,-0.1491579549046513,0.2669611648902184,0
817,-0.41260403703444265,-0.20134731687585197,1
818,-0.5861208958724425,0.5905989491968908,0
819,0.17456563766938574,0.04268444567428637,0
820,0.1509194125631545,-0.005930229280921986,0
821,0.3068108336147664,-0.19633330746494085,0
822,1.0142915283803806,-0.6440453199824168,1
823,1.039546747634112,1.0019065339827362,3
824,-0.9186636537618893,0.47000441894076517,0
825,-0.704000197829685,0.4061125845545989,0
826,1.482443991834941,1.0241561919215862,3
827,-0.7328298083849294,-0.02122958512766586,0
828,-1.2618710206981487,-1.357593976465529,2
829,0.6971519479981496,-0.30614107627015563,1
830,-1.5478908720731517,-1.5725980655628184,2
831,0.42905484627846396,-0.7606016553042334,1
832,-0.5489426773851621,0.27427526162859595,0
833,-0.7018066549463736,0.38916706273937807,0
834,1.4744832862074324,1.5151165892370224,3
835,1.964972466684519,1.1529933536977701,3
836,0.157519806194774,-0.6743681423755242,1
837,1.0572937562446898,1.1861220112455015,3
838,0.2529593718525204,0.18505639955469977,0
839,0.0702680344586227,0.02674295882574897,0
840,0.2825077285294623,0.26236124794683857,0
841,0.8019839547541183,0.6649094746094988,3
842,0.19893908803380667,0.4822175393948118,0
843,1.4616668685941476,1.7728712061836651,3
844,-1.1074531307123083,-0.06477975322167141,0
845,1.0723707333360453,0.01649733495203316,1
846,1.4464133412067168,1.7602310773610828,3
847,1.1269080788831831,1.0604260462094235,3
848,0.7908498961085606,-0.3509012714942376,1
849,-1.4834766312230265,-1.3881946647486743,2
850,-1.5612546972440287,-1.3587244737619084,2
851,1.1596057016064218,1.9669490994878356,3
852,0.8997064819528952,-0.6963047302926682,1
853,-0.3943745051590925,0.09667209656628939,1
854,-0.7363742762990285,0.2508891853996587,0
855,1.3673006430083943,1.8009737146883174,3
856,-0.9656713891627311,0.21385167813376532,0
857,-0.11246452953002249,-0.07810589127914155,1
858,-1.3346385396113558,-1.5397453594176245,2
859,1.107509213967424,1.5888497520297646,3
860,1.1291613265501113,1.5096658650771126,3
861,0.6785873507323283,-0.7628096519927112,1
862,1.0951842681216672,1.2524253629107471,3
863,-1.1795661046938914,-1.1531108677749353,2
864,1.0968578448699857,-0.626326161375508,1
865,-0.9289915259066577,0.5363126980827531,0
866,-1.4156780690207862,-1.023513180376238,2
867,0.08267456238998984,0.10924787827807278,0
868,1.5475852385889772,1.5490827557474267,3
869,1.4836526908756609,1.7128271736623262,3
870,-1.5126902696140112,-1.7787072593042879,2
871,-0.07382473453836334,0.5663479531897413,0
872,-0.7495992152427539,-0.9768621172748765,2
873,-1.458102778987708,-1.5319884561111632,2
874,1.4042525811800086,0.7312248936678212,3
875,1.2410613592469437,1.159026015935127,3
876,1.2572149063184253,-0.3893709367735693,1
877,1.4925066657840065,1.7877445427410061,3
878,0.4663444307511118,0.17166720849501607,0
879,1.3367552780646443,0.8076575850747373,3
880,0.7121598677624181,-0.6704588147679845,1
881,0.7365541741919598,-0.1471575162664187,1
882,0.1248820245455012,-0.15812791627224262,0
883,-1.3219782880598578,-1.0264639415029448,2
884,0.3821877957751462,0.2983754110646492,0
885,-1.3763967494389984,-1.9476627403707913,2
886,-1.038597458008379,-1.2464413476950562,2
887,0.7060558319648879,1.0856503495329648,3
888,-0.9859762651548263,-1.175356348836868,2
889,0.08792229479742644,0.5573164390804536,0
890,-1.389993386579817,-1.7336550827434678,2
891,0.20541807034621817,-0.8739860845302218,1
892,0.8280990473280802,-0.4229020362178408,1
893,-1.3373906116159313,-1.970426641490125,2
894,0.040200202961908106,0.46093195434888495,0
895,0.20531437488997833,-0.6492981850365264,1
896,0.8781136108725415,-0.621423091214755,1
897,-1.3585998153359777,-1.0745779279540075,2
898,1.030316614470912,1.6454582108990763,3
899,0.6939439666546542,-0.6150428287247574,1
900,-1.6327436091792509,-0.9636345429741657,2
901,1.0306121149139178,1.3269005048864968,3
902,0.5037473241044382,-0.5323300531595208,1
903,-0.7539446108182302,0.4184129131543054,0
904,-1.3377207376883582,-0.9585965861844471,2
905,-1.5284727856636637,-1.3271074715885043,2
906,-0.4797825489590119,0.5296056193938611,0
907,-0.034688557990263755,-0.8461977876000804,1
908,1.3927037024175262,1.4697570674598914,3
909,1.001403513410336,0.07603900806296196,1
910,0.14750834943062296,0.45090167382210644,0
911,1.0402897566169917,-0.48360408888644624,1
912,-1.2977315385072614,-1.6210836374947237,2
913,1.2200695205803216,1.5115434688902145,3
914,-0.8465259965886966,-1.1535457912809657,2
915,-0.913012338046635,0.3433171415694015,0
916,-1.4828496441953327,-1.1588923894126812,2
917,1.047559663162794,-0.11127084416369812,1
918,-0.17786921062764424,-0.2925296862219773,1
919,-1.4172403602350734,-1.5844451152228531,2
920,0.1902460998940836,0.5952172888404754,0
921,0.8000012546712721,-0.35671899380076233,1
922,1.3040212777516893,1.2137048582629362,3
923,-1.1865673621264021,-0.9571156973135228,2
924,-1.301287982823894,-1.6645092989585184,2
925,1.0242668204348722,-0.05840296867059265,1
926,-1.0664278430220693,-1.079608135745204,2
927,0.7615068654218534,-0.42869807031839574,1
928,1.2873389985070436,1.333564873310286,3
929,-1.7237618206792242,-1.5100526937407748,2
930,-1.0246773383367482,0.26800135629278277,0
931,-1.1900970869721168,-1.2964887698092182,2
932,-0.343761436976171,0.4638668447053691,0
933,1.355079571150643,1.4897868281266418,3
934,-0.6085872703034766,-0.6900727020187744,2
935,1.2376709020141494,1.688560041382698,3
936,-0.31357261426846844,-0.1543519200397517,1
937,1.054164892309047,1.2781334919467886,3
938,-1.3198959761927433,-0.9024490896439022,2
939,1.436432184318925,1.6303326711627328,3
940,-0.09604110281911413,-0.7055379665059316,1
941,-1.7881785247530015,-1.3179244620013635,2
942,0.5765055705878738,-0.7432296941930453,1
943,1.226842709164356,1.8530068015286405,3
944,-0.28029187182412607,-0.6081990306974907,1
945,-0.7583436001180116,-1.0091173109042169,2
946,1.2853979713960995,1.1606608725275456,3
947,1.3989192378034827,1.7770798963896557,3
948,-1.8742609207610124,-1.309328636862893,2
949,-0.2506072811815706,0.602651551072607,0
950,0.6384627392599062,-0.34796446804795295,1
951,0.7332578750429972,-0.6221749788899464,1
952,0.30226506072700476,-0.7244418560488396,1
953,1.1481626305538393,0.9173664462062948,3
954,-0.2532036113898457,-0.9518812789127868,1
955,-0.1463976334071741,-0.23088972237415264,1
956,-1.0784179512255236,-1.4137050496841326,2
957,0.08630405127868852,0.5087929245216908,0
958,-0.2091803854875645,-0.8132026617750955,1
959,0.2637348035897037,-0.45563131224342923,1
960,1.1362061150889817,1.054579249503366,3
961,-0.7545856548952875,-0.8348597348914016,2
962,1.1223291411723693,0.019287983984872716,1
963,0.24735596927843195,0.38433726833558635,0
964,1.5168786380677628,0.8186251049304795,3
965,0.729580663550719,1.4841826652194063,3
966,-0.42765635941804714,0.47203438555814997,0
967,-0.869049597621081,-0.5793329114214222,2
968,-1.0814917259677814,0.08899866978908448,0
969,-1.2357779116249392,-1.3339918471045003,2
970,0.7488783488444637,-0.3837191332340477,1
971,-0.3931062008496781,0.7440770444997383,0
972,-1.5095864476302077,-1.7517452552841544,2
973,-1.7746687053804162,-1.429588521867825,2
974,-0.9783321727022943,-1.013631946304856,2
975,0.2870831985347018,-0.7551840672462787,1
976,0.07908346564075179,0.3520851604087225,0
977,-1.7506207256620885,-0.8926151661927265,2
978,0.44132896247080244,-0.859904970900298,1
979,1.2948667198124162,1.0094785417632193,3
980,-0.20774810771663854,-0.3762132898160724,1
981,-0.16684990362008545,-0.24758208471772694,1
982,0.9185934820805207,0.9639978786230043,3
983,1.3877298546980208,1.6877652567871497,3
984,-1.5085955785934335,-1.1086468566132028,2
985,1.705749422434074,1.6356534051462668,3
986,0.8839518307377549,1.6903721939052734,3
987,1.0703020217644441,1.0054881768024666,3
988,-1.560252177044323,-1.8780500196802254,2
989,-0.25727068272227305,-0.2588318627358546,1
990,1.5389447241184278,1.3452275249375545,3
991,-2.1125027863207033,-1.5168556099864554,2
992,0.8204273555690562,-0.7324542373168575,1
993,-1.56653276451292,-1.1409263469260666,2
994,0.5731957310915394,-0.5485721530710347,1
995,1.6051162109566754,1.2917203601437093,3
996,-1.0785438916804018,-0.9061739929952286,2
997,1.0547007587514299,1.4994734983519618,3
998,-0.21731311319832566,0.5428827886683713,0
999,-1.2806611802434986,-1.0298147165279758,2
1000,-0.7430186951740211,0.23367792566490406,0
1001,1.2821968190859088,1.6867321934049186,3
1002,0.3821750156987953,-0.016172403672312406,0
1003,1.391130959068296,1.5045269881040297,3
1004,0.565365660606332,-0.5114482056080869,1
1005,1.3303742654158293,1.3233908380448098,3
1006,1.4975374886368296,1.166131520445277,3
1007,0.3908430414202485,-0.11224400059560004,0
1008,0.7667254418533681,-0.5613387655513254,1
1009,-0.1322355423532591,-0.7620126475120597,1
1010,-0.7024879992088481,0.22483460612062006,0
1011,1.2823710123693635,1.206832018067087,3
1012,-0.07102280809377529,0.7650609743134034,0
1013,0.5328476113832039,0.021883434442813834,0
1014,0.24716695129467528,-0.6701952917529981,1
1015,-0.011076203039827814,0.5180783957980144,0
1016,0.04125281760578044,-0.5846552724399287,1
1017,0.656801497053171,1.168909355086669,3
1018,1.5154317030618252,1.5256224190379253,3
1019,1.227688184510857,1.5730007917772089,3
1020,-0.19432623939974286,-0.7045566214320936,1
1021,-0.12963118277359278,-0.7198450987085482,1
1022,0.773143336576805,0.7043299936024623,3
1023,-0.18750264494420377,-0.47267830091377944,1
1024,-0.11226569405749279,-0.4679659616511955,1
1025,1.434770848924783,0.9843860619138837,3
1026,-1.4992528319624026,-1.1438769740587775,2
1027,-1.3166582683766952,-1.5575963735982723,2
1028,0.5857909629695273,-0.6366169877017483,1
1029,0.04135151180593577,0.3412213231568206,0
1030,1.8490548582094444,1.6881479886502992,3
1031,0.575318052262837,-0.7409721044929629,1
1032,-1.29863047363771,-1.2896217031457942,2
1033,-1.3216042223197522,-1.5878694022067592,2
1034,0.9012367072386226,-0.27261915555168237,1
1035,-1.3114655520124259,-1.1553734135079592,2
1036,1.3467626010672566,1.2257789714811398,3
1037,-0.17674381481929444,0.871022844856085,0
1038,1.3796303472733875,1.2166493236407288,3
1039,0.5328335847931032,0.29395806364831045,0
1040,0.5762137073503841,0.7442503880139968,3
1041,-0.9598608886284484,-1.0197408816122218,2
1042,-0.4559303436309071,0.5129556276483341,0
1043,-1.2751155485793448,-1.7342590920363974,2
1044,0.18770637391612394,-0.7743385321830505,1
1045,0.8133159947666072,-0.5993604135610517,1
1046,-1.018213429296641,-1.053263534932484,2
1047,-1.3335012385157285,-1.273076903040297,2
1048,-1.2746374919649388,-1.559183023526722,2
1049,-0.22433146889304165,-0.4636376636076023,1
1050,0.24741435560065458,-0.6839372236162782,1
1051,-0.04970121669592577,-0.24604476380414697,1
1052,-1.331644239060135,-1.4080540243862132,2
1053,-0.8050623087988911,-1.4360321375724217,2
1054,-1.2741784038222457,-1.1919906686032808,2
1055,0.11097992560841617,0.4284976015171703,0
1056,0.9112369898483391,1.0220724138453539,3
1057,0.28765007036968687,0.40018146024831763,0
1058,0.35782253339291736,0.5432098745973782,0
1059,-0.99482278261409,-1.012145514095925,2
1060,0.12320261365242757,-0.6357443763193228,1
1061,-1.6414210247186194,-1.2291325905977555,2
1062,-0.03227253777499449,0.7035337790301868,0
1063,1.1497726066804854,1.3094622157455533,3
1064,0.3854394784938793,-0.670657886820909,1
1065,-0.6236759091077811,-1.2548769601785603,2
1066,0.1686478815219397,0.1596275930166689,0
1067,-0.23738548726587408,-0.22395712000439766,1
1068,1.188291201554378,1.3287295596466875,3
1069,1.0262719029001492,-0.34149847734425337,1
1070,1.0023500329754453,1.3692583378966572,3
1071,-1.288345467487588,-1.1386790168863066,2
1072,-0.8952631027847374,0.0702304140548556,0
1073,-1.360926765307544,-1.0829149511877896,2
1074,-0.3383384512699644,-0.2995474965925221,1
1075,-1.000109152271841,0.4709779406104255,0
1076,0.21263568002705005,-0.9342686245921062,1
1077,0.35003695549775365,-0.37627654768055147,0
1078,-1.205878694063123,-1.386315102439294,2
1079,-1.5681407848423194,-1.4366152809631507,2
1080,0.6394004452827705,-0.44806550039124127,1
1081,1.5098240932463092,1.065777280438625,3
1082,-0.8381184242600868,0.6088721994221455,0
1083,-1.2304705781324172,-1.1021894461760433,2
1084,-1.9993899942915845,-1.9482337064598567,2
1085,0.27234383437020404,0.06641260989092054,0
1086,0.9994313586743497,1.3421095814093318,3
1087,-1.401807833845819,-0.9750684677005887,2
1088,0.12575120755511493,-0.5488795283273734,1
1089,1.0301675800287173,-0.14467199595226993,1
1090,-0.8810243237015908,-0.7509029469438472,2
1091,-1.5657646139452586,-1.3374522254476005,2
1092,-1.4871085613625887,-0.6567682807681307,2
1093,-0.46017488043999405,0.5777965097148583,0
1094,0.24132689427434834,0.18766874950760698,0
1095,-0.32761128464790384,0.36041354099790424,0
1096,-0.4811170261277702,-1.111103819577642,2
1097,0.04526500737008633,0.5590615085171537,0
1098,-0.3964813303234292,0.8860598034426923,0
1099,1.0871419452019613,1.1085814822358475,3
1100,-1.157599308222639,-0.7044098184623644,2
1101,1.0895442769868056,0.982513097097194,3
1102,-0.41272112081776857,-0.1273504867762978,1
1103,0.4147456423838319,0.16195407084556077,0
1104,-0.7559915482494415,0.34004345975015665,0
1105,0.9073587821152653,-0.8524063605751341,1
1106,-1.0927091312198653,-0.8978915530205975,2
1107,-0.9330598670026026,0.19607313704047574,0
1108,-0.628855915510543,0.06537703918541758,0
1109,0.88052577536789,1.6790131943624669,3
1110,2.2092183167905803,2.031324881418583,3
1111,0.8044444807288317,1.2675179579673037,3
1112,0.7198899998656675,-0.3797175188053777,1
1113,-1.4705131988923532,-1.4596074908973882,2
1114,0.3062229743761701,-0.6573789943808442,1
1115,0.18779835187347907,-0.4374964013637955,1
1116,-0.6787978243030807,0.1314012578552201,0
1117,1.5500179765022368,1.6795432569620639,3
1118,-1.0016139461393094,-0.740271627997413,2
1119,-1.0295866362662607,0.10998395652468902,0
1120,-0.30477495500718477,0.8009387412761783,0
1121,-0.8544108441879418,0.5443466976679984,0
1122,-1.3165030495157617,-1.2069789704811946,2
1123,-0.04507891326993608,-0.625214869146856,1
1124,-1.3180041075556919,-0.9921397699601224,2
1125,1.2433427753644204,1.3829752941363918,3
1126,-1.426512130719791,-1.3451660810778134,2
1127,-0.8051032285105634,-1.124362880060266,2
1128,1.1782865150769797,1.3779816053951164,3
1129,-1.1395841083766127,-0.9266658727838193,2
1130,0.3095019281053326,-0.5931344996398159,1
1131,0.6856710048682336,1.6865747107503561,3
1132,0.025161513729013034,0.5505320909695576,0
1133,0.09724663000690656,0.4661823456560081,0
1134,0.8618361096256608,-0.43748117561585925,1
1135,-0.44891144029757407,0.13150906744991123,0
1136,0.9960508693833384,-0.3055844782613225,1
1137,-0.8230329352861664,0.21135271961368166,0
1138,0.585321413581246,-0.3104345368533559,1
1139,-1.06431815712852,-1.3283419382289883,2
1140,-1.2288363032927978,-1.647403901347011,2
1141,-1.1785927958553388,-0.8864816293669564,2
1142,0.3562696746617095,-0.7007469587849933,1
1143,-1.5762073252945852,-1.725907262536145,2
1144,-1.6386113088547678,-1.4074455508920212,2
1145,-0.2952443564328169,0.42039018743310735,0
1146,0.9920513086959233,1.2020953648707984,3
1147,0.716743586789023,-0.7121498095642893,1
1148,0.04865461973550607,-0.6748803122295984,1
1149,1.1083387219425245,1.5532048658899242,3
1150,-0.33172341743879524,0.425218994704217,0
1151,1.6426108106290942,0.96849645193006,3
1152,1.5324551331744987,1.3745321055800046,3
1153,-0.6277590645311837,0.6475035304481084,0
1154,1.4343967400120519,2.0031469135866007,3
1155,-0.5129194606109948,-0.03517577920554318,1
1156,-1.3266754221002879,-1.0128461734341756,2
1157,-0.7511677726022047,0.31334750401816075,0
1158,0.7839854430688031,-0.38135225219321656,1
1159,-1.0876292176881774,-1.050079167913459,2
1160,1.0868025261585934,1.0051472971294302,3
1161,1.070405649903876,1.3862845287645542,3
1162,1.5038615527108081,1.3423873974109877,3
1163,-1.1441047516722063,0.21728842786062902,0
1164,0.606909804956555,-0.5173399294247144,1
1165,-1.0437142527829049,-0.8377114789786151,2
1166,-1.0577218309474452,-1.5260690209658982,2
1167,-0.19419758001824466,-0.647281738440413,1
1168,1.1148803627450978,0.9694575597382714,3
1169,0.15502475945495514,0.665263009551166,0
1170,0.9475552265127148,1.0992590691825805,3
1171,0.017897733440217667,0.40033855446710465,0
1172,-0.2108634279532313,0.49431948304443596,0
1173,-1.3886410928399635,-1.204579643386379,2
1174,0.3593725361015701,-0.2785175064259173,0
1175,0.5656529558764699,-0.9273449836974242,1
1176,1.8132417307807314,1.7921738315698508,3
1177,0.26901146315187335,-0.6086752453985113,1
1178,-0.7054841020432674,0.07644744880451128,0
1179,0.20679479403506149,-0.3239201820657024,1
1180,-0.21432727597690884,-0.43510789564724095,1
1181,0.9111357746784691,-0.47176129330508154,1
1182,1.361782349937031,1.257892760733333,3
1183,-0.737061119333749,0.6350218618710722,0
1184,0.42805400461491666,0.2608791098505556,0
1185,-1.2602181764180296,-1.2513116030997675,2
1186,-0.701210327537123,0.49297815823917074,0
1187,-0.4189416695476876,0.6597378283050227,0
1188,-0.8067397557088153,-1.0713199486196983,2
1189,1.962316506820324,1.3981305395225185,3
1190,-0.7789518384537679,0.6052409730088363,0
1191,0.9388483303472611,1.6983215166494834,3
1192,1.5504937001864425,1.6777564907960087,3
1193,0.29248667404704204,-0.9194357856452313,1
1194,1.4665955769080152,1.2636477516174058,3
1195,-1.7993144267374006,-1.6929219919831626,2
1196,0.029289373782687683,0.7485142437287742,0
1197,1.454391488799207,1.2766368580985294,3
1198,-1.3875369132785182,-1.2092493796469077,2
1199,0.954954307449818,0.8269421314099628,3
1200,-1.491386861138916,-1.3235454404160742,2
1201,-1.572406084888039,-1.2842930338951821,2
1202,0.8660041271488635,-0.8329215205790234,1
1203,1.0981398257333554,1.4973563983322145,3
1204,-0.9796801225160454,0.12372630313923343,0
1205,-1.0019814733509163,-0.8422018318651843,2
1206,-0.5855651341775489,0.4674411962985217,0
1207,1.2500014869423948,1.4026819371667467,3
1208,1.4492674570520185,1.0916620617862542,3
1209,0.5576251990757487,-0.7722829578141217,1
1210,1.0373453877995134,-0.6250788318327161,1
1211,1.2706558970985469,1.3115504124362403,3
1212,0.5297759240152398,1.2084019817252456,3
1213,0.17334617637710875,0.6981311006758811,0
1214,0.9923850578079646,1.8081054454165002,3
1215,1.2355951285804925,1.7498535758145524,3
1216,-1.0305401907171623,-1.5753495359277732,2
1217,0.3598827329244379,0.4677969819211878,0
1218,0.4296985988032012,-0.8496426877570906,1
1219,-1.6964656335668713,-0.5785839098672465,2
1220,1.1056045449808698,1.5166400699541605,3
1221,0.9213842063522355,1.2639502040941264,3
1222,-0.8076467766028498,0.20196568580856541,0
1223,-1.2768872621933272,-1.5519989662257936,2
1224,-0.9218725169985439,-0.4053462552070399,0
1225,-0.917854606511176,0.14815746582689418,0
1226,-0.7488842896137273,0.49211528628708157,0
1227,0.6428910968299277,-0.823198300807843,1
1228,1.6205451145972254,1.7487023512749864,3
1229,-1.3387870888972064,-1.4470716968750021,2
1230,1.2700435967946209,1.5051367267539677,3
1231,1.5545005790085826,2.051928509465623,3
1232,1.7074441172539054,1.3822720605663321,3
1233,0.9973792668205874,1.200650329706108,3
1234,0.2371432132049678,-0.735373649363506,1
1235,-0.012003431388844056,-0.8294491032946165,1
1236,0.73011561480288,1.056114889726325,3
1237,1.299849262772938,1.3052535303365713,3
1238,-0.6461719483621347,0.13097637457356567,0
1239,0.6906519175524691,1.0801373551979239,3
1240,1.1065087929762651,-0.19593724513234445,1
1241,-0.3759816902214925,0.4809504948621893,0
1242,1.3565872599446727,1.1214132120118676,3
1243,1.1056816935617613,-0.11030215932183603,1
1244,-1.0467597051984059,-0.725513542698497,2
1245,0.8438543885182122,-0.04000819147141451,1
1246,1.1190053491570733,1.4596457335596837,3
1247,-1.3245458671954684,-1.1425556584294327,2
1248,-1.2047258296226553,0.0747861255523499,0
1249,-0.8635417282265887,0.5693067261640521,0
1250,-1.1524404984855228,-0.8946781459732533,2
1251,-0.20912941493037826,-0.5687712432177828,1
1252,1.4639808011808362,1.36329777518967,3
1253,-0.6822256750185368,0.5906267457194542,0
1254,-1.3246469923376865,-1.206311819163175,2
1255,0.046683690507483826,0.3272704259284359,0
1256,-0.9800304744441942,-0.7525773257752107,2
1257,1.3943570274887052,1.1070277003906264,3
1258,1.3605221813290336,1.6130874986908614,3
1259,0.5203657329389965,-0.7478908979368649,1
1260,0.26512750171849286,0.38655534209482073,0
1261,-1.0252113172186832,-0.43885097256545325,0
1262,0.2772032965320798,0.08338782108048792,0
1263,-1.5246883765404335,-2.0147078939242715,2
1264,-0.20170974365539154,-0.6847776834782863,1
1265,0.8417089841371581,-0.3205853517687778,1
1266,1.2430001296863804,1.0983786344056374,3
1267,-1.0381692960734523,-1.1044424282651644,2
1268,1.026002709812989,0.9110893558560635,3
1269,-0.7486671023765421,-0.18728596411577292,0
1270,0.2704065948038348,-0.5223973189668314,1
1271,-1.2578963237738743,-1.031731190007281,2
1272,-0.09979531383656505,0.06056864987327393,1
1273,-1.4427663930622328,-1.4491962270639203,2
1274,-1.3748439082115733,-1.3684076423785463,2
1275,-0.9908365536876292,0.3122365897207098,0
1276,0.2426320437903362,0.34802260304634236,0
1277,-0.8209053969916957,0.4263879529836083,0
1278,1.0666021590926038,1.4246815096802536,3
1279,1.7652886844495628,1.6999819661889313,3
1280,-0.08813966653436169,-0.7999821684184876,1
1281,-0.4581688708315036,0.3357535663514875,0
1282,0.1885373336460772,-0.7406289602506818,1
1283,0.09213565259116578,-0.5606504628722125,1
1284,-0.1738510631284,-0.10418445699170656,1
1285,-0.10129773822869001,0.41574558646416565,0
1286,-1.4902843619082613,-1.1354536093932408,2
1287,1.461975633875934,1.0345979761252064,3
1288,0.760866824812801,-0.6145586350027369,1
1289,-0.14118834881723838,0.42457936557206855,0
1290,1.8182211602464826,1.3475172041718253,3
1291,1.302717306961058,1.1981234111115657,3
1292,-1.3693838882526697,-1.4156120430297625,2
1293,-0.962027521275113,0.18168256288385,0
1294,-0.8433290313096101,-1.3409152657699992,2
1295,0.8656558742673857,-0.23165119308294974,1
1296,-1.5897534427729536,-0.5444248844289644,2
1297,-1.4609003885877683,-1.3425451892179388,2
1298,0.7206488728732758,-0.415328530705053,1
1299,-1.1467017447274,0.23881532319685353,0
1300,-0.24641589439347014,-0.7405932219202827,1
1301,1.1546575510676291,1.2661680528840449,3
1302,0.6614988684579828,-0.8421690450780797,1
1303,-1.1549243142434589,-0.8252967715426858,2
1304,0.9157113439935495,0.9653117089394178,3
1305,-0.35151768142795903,-0.604318547308692,1
1306,0.38935285839968037,-0.4465564845589378,1
1307,1.2231730308943172,1.7425331144109433,3
1308,0.9857100208416916,1.2394019556607259,3
1309,-0.3909704947254845,0.7468162780472499,0
1310,1.1606224175088982,1.5652008890810931,3
1311,-0.34273781634399586,-0.035882806905918614,1
1312,0.25737779140325373,0.1303490096024996,0
1313,0.030035234743335897,0.4173418790093523,0
1314,-0.8005580550079672,-1.0448622945296804,2
1315,-0.4091701517544669,-0.7356734852839525,1
1316,0.5114766794461494,-0.7755462347228012,1
1317,-0.6534328097736873,-0.15372730310216529,0
1318,-0.3077208976234503,0.509761784600316,0
1319,1.225435307525966,1.5923540308032909,3
1320,-1.3141302015486727,-0.9634396427977857,2
1321,-1.0963642194205832,-1.6519010895996016,2
1322,-0.31200244540750105,-0.19904157766014197,1
1323,0.8725392355272649,0.8655924176828662,3
1324,-0.8492949349029464,-1.6421583426142816,2
1325,1.139761247602701,1.0210948220425493,3
1326,-0.18795145580080128,-0.6750019684849666,1
1327,1.3414561099356606,1.2718224549017159,3
1328,-1.1480345042615325,-1.15655972991012,2
1329,-1.0342816347396637,-0.7754495151207387,2
1330,1.0648154143497826,1.3511960086263508,3
1331,0.9012477896765401,-0.20661363771888377,1
1332,0.9996515321820305,1.3154503099353456,3
1333,0.1317150803217922,0.40517896528196307,0
1334,-0.9564980621153978,-1.5144563047170794,2
1335,1.3409563866032703,1.6136911561232505,3
1336,-0.8062798017199401,-1.2174790010585537,2
1337,-0.08034951318159798,0.03672703885879062,1
1338,-0.6527653827018075,0.47221484323851887,0
1339,0.3541033101791738,0.18692598936927585,0
1340,-1.1849797631430397,-1.493842962574284,2
1341,1.1321756278763824,0.9980078399939899,3
1342,-0.954471291773948,0.05173814058689919,0
1343,0.7502900743610752,0.9522297900923714,3
1344,0.20810605224238773,0.7411881496026265,0
1345,1.0642118274429226,1.1042881687506974,3
1346,-1.5803426808639283,-1.685548317755487,2
1347,-0.5941433785498047,0.45733604410359696,0
1348,1.3477278498206295,1.4638186217180627,3
1349,0.7785631950593974,-0.24538489905001926,1
1350,0.7387860164943071,1.0359194142795323,3
1351,1.2455841097252767,1.1610371408458247,3
1352,-1.0362035905562057,-0.5217314534309255,2
1353,-1.2341646035734155,-1.124226650776133,2
1354,-2.066514755227301,-1.6658758504530624,2
1355,-0.3230417831323085,0.7890116303649697,0
1356,1.1942558134949544,1.6450666170873414,3
1357,-1.0563327475649102,-0.9430033519325429,2
1358,0.7650312061857811,-0.5874279553533055,1
1359,0.3221195754015833,-0.8943971950585679,1
1360,0.2815830697002907,0.2577900987849263,0
1361,0.9648704249103323,0.9053711423911758,3
1362,-1.289874052429952,-1.1056748131961776,2
1363,0.9000712577566659,0.37096084475151053,3
1364,1.440606962218397,1.1806649545458696,3
1365,0.5430721974622522,-0.08555501314186709,0
1366,-1.3793890347809845,-1.483342734914274,2
1367,-1.300126331808065,-1.1207657316855444,2
1368,1.1624487184448262,1.2330664796352686,3
1369,0.8816737894763871,1.0438786875411399,3
1370,1.133706813423137,1.6911775832534786,3
1371,0.05625247577902908,0.25878259430644757,0
1372,1.2823130192192345,1.8740733455119458,3
1373,-1.1484522144001206,-1.3747027288357787,2
1374,-1.413281681131185,-1.4999030804799036,2
1375,-0.07585840414230732,-0.5593501885561231,1
1376,-0.8487438220320397,0.20394661756310256,0
1377,0.8915405494888808,1.2915698080420777,3
1378,1.1048597673953149,0.08648824355239339,1
1379,1.0133245409023652,0.9397391219468373,3
1380,0.22549093263722048,-0.014957110768688834,0
1381,1.4210844749142444,1.6321459567794694,3
1382,1.1041018056834297,-0.41153802176530835,1
1383,1.152033146736376,1.4662500878646116,3
1384,-0.2114980582924618,-0.4399069852004114,1
1385,0.6979133034723418,1.294795467928354,3
1386,0.7578076380946577,-0.20497417591155628,1
1387,1.0945010761967209,1.0200056090504575,3
1388,0.530858941120073,-0.5329056086597144,1
1389,-1.5489316791772494,-1.4497695290991761,2
1390,1.025436082859638,1.2365167458917083,3
1391,0.29770033002800783,-0.44551671753817884,1
1392,0.8628652134334068,-0.27110545180666334,1
1393,-1.5624425392678427,-1.1344700581214666,2
1394,-0.819798895985614,-0.14270367543217125,0
1395,1.3146928753886293,1.7501755314448502,3
1396,0.7072256321462042,0.8733870321318372,3
1397,-0.8861494707647636,0.33024020834755974,0
1398,0.361295204345044,0.1608324658083271,0
1399,1.823386495379055,1.7393920157126375,3
1400,-1.4808129038112343,-0.8452948869756367,2
1401,1.0133840882215455,1.213322588194154,3
1402,-1.1725874830254315,-1.1606362593485018,2
1403,0.23323418617633304,-0.45207617346816287,1
1404,-1.0580516068476944,0.27909390793858313,0
1405,0.6712732985566677,1.0487438228555448,3
1406,-0.8324358062030229,0.747112621017199,0
1407,0.5474346432922925,-0.6440477343022996,1
1408,-1.5099214554393505,-1.2670782121773636,2
1409,1.0601895260315506,-0.03040132916827032,1
1410,1.3475759741905946,1.467908468399978,3
1411,-2.0017643837785406,-1.0653994412020404,2
1412,-0.0466614232438952,0.8249084813038382,0
1413,0.6019503755223256,0.33465808723789464,1
1414,1.270094170123983,1.0633044784666987,3
1415,-0.9550378370972417,-0.24944662712870877,0
1416,0.6839912204799913,-0.38957364673653866,1
1417,0.3273098639585794,0.25066691122547546,0
1418,1.183576232394653,1.3694736268841872,3
1419,-1.2239364191924775,-0.8624106509280507,2
1420,0.9798202692124158,1.3904232227826159,3
1421,1.6019789087920644,1.5519200407002867,3
1422,-0.13538731320110595,-0.6697203144974853,1
1423,0.556670617674314,1.2010866636967288,3
1424,-0.9731175597418976,-1.7141076232469519,2
1425,-0.3083057732456258,0.4948270658276434,0
1426,-0.385233612416199,0.4124791866529988,0
1427,-1.0655680784053736,-1.3794918639260731,2
1428,0.39446324903652585,-0.6365156131975165,1
1429,1.4284356817295945,2.010156241990843,3
1430,1.070872862745784,1.3195667611261608,3
1431,-0.39949978523020413,-0.30897881696370266,1
1432,-0.9481410954750934,-1.049847958380896,2
1433,-0.3038493706456409,0.40406042790669916,0
1434,-1.3045689634772368,-0.9127386758867274,2
1435,0.3411817227260597,-0.3348375700219565,0
1436,0.3180023564049202,0.264354497640877,0
1437,-1.0012533872969716,-0.6340636389588215,2
1438,-0.9218163869812411,0.31164949393620556,0
1439,-1.2036694706977082,-1.0579787474639575,2
1440,0.16553859249551156,-0.9056436823820901,1
1441,-0.472259003390365,0.6516488069084888,0
1442,0.39279304581135194,0.0022467348336099157,0
1443,0.35498496184981404,-0.05650186766993624,0
1444,1.319689295347871,1.7693528008254753,3
1445,-1.2473435787022802,-1.337375444445145,2
1446,1.19716358648691,1.4033431116633026,3
1447,0.31784467465629085,-0.5877579660692854,1
1448,0.5219284941665192,-0.7292074664235644,1
1449,1.5549420753392864,0.9651738724407075,3
1450,-0.7204778732067458,0.18932433251379147,0
1451,-1.2588814242377568,-1.434253402577402,2
1452,1.2135875518620594,1.8386262274893364,3
1453,0.6628152542621357,-0.712247838149245,1
1454,-0.37713681250746833,0.48389269444361094,0
1455,0.23759264939770255,0.014824692546345474,0
1456,1.1004685689673142,1.1204901909443834,3
1457,1.3593435124509268,1.5824187533472325,3
1458,-1.3603109628409735,-1.0058005851878014,2
1459,-0.35559149396774004,-0.03023235764805183,1
1460,0.8793842187587071,1.2929300636323804,3
1461,-0.8239114650853044,0.3112161816148475,0
1462,0.5037490952738567,-0.5592306345124238,1
1463,1.0371418401193218,1.3615784077506603,3
1464,1.2882806694393976,1.3716941320664353,3
1465,-0.15847095355024854,0.6802356337993613,0
1466,0.576168704651575,-0.40712587740951733,1
1467,-1.3107609110572696,-0.7454086422335823,2
1468,-1.3725416467804998,-1.3840521913925523,2
1469,0.9415687792405188,-0.23723925723695835,1
1470,0.8028486402630503,1.1544898890824384,3
1471,0.8488657488401254,-0.3182592423046645,1
1472,1.218598531930351,1.3004971717692784,3
1473,-0.7109704867353562,0.5476058305677425,0
1474,-1.7226423343597903,-1.8294689264347888,2
1475,-0.05596982637134554,-0.625408900899912,1
1476,-1.2398114782334502,-1.252263770616195,2
1477,-1.111188282372807,-0.5044691598170044,2
1478,0.21943823916613345,0.4887184410108146,0
1479,0.40702489039075085,-0.7282878932601579,1
1480,-1.399567237286263,-1.2271856421081033,2
1481,0.7620350379708309,-0.37003460232769514,1
1482,1.285361817862692,1.790180700119647,3
1483,0.6007190681409705,-0.37550588265778695,1
1484,-1.640424679433456,-1.3194662850349848,2
1485,1.5077476277538944,1.0186671121393627,3
1486,-1.5262001175340285,-1.4763860240216833,2
1487,0.5759952930496244,0.15162002104988273,0
1488,-0.06970991979714247,-0.616383204196825,1
1489,1.450142550415311,2.0551056532127414,3
1490,-0.3103539619774489,-0.15307215067701652,1
1491,0.6705609825418789,-0.4586830143170597,1
1492,0.024390849597083285,-0.4386413665481347,1
1493,0.789523984690359,-0.3875944696817634,1
1494,-1.9613502003812056,-0.9895677946757635,2
1495,1.0431660607598425,1.361742825465931,3
1496,0.39621156513731565,-1.0245392539583305,1
1497,1.1714451439929963,1.8647477718987082,3
1498,0.5409988972870945,-0.4394153412570343,1
1499,1.3359330312113202,1.0891198793327581,3
1500,1.4144668211199565,1.2134856973084458,3
1501,-1.6096929777768636,-1.897324796968531,2
1502,-1.0448495994411326,-1.6155859602036409,2
1503,-0.3976306710435503,0.36018061491741205,0
1504,-0.0176274086986385,-0.3226616633133801,1
1505,-1.2065232880608527,-1.4564212848185911,2
1506,-1.3792832466816505,-1.3258952895054115,2
1507,-1.1424706540406788,-1.8932554813997786,2
1508,0.04270136904873656,-0.5661133885361361,1
1509,0.011649237615375788,-0.2286484992968496,1
1510,0.07188690824708234,-0.11701123872830035,0
1511,1.58757800217131,1.8876850782886632,3
1512,0.8981323412468122,-0.35905022894522176,1
1513,1.301861192480435,1.5575326297926484,3
1514,-0.788516828281092,-0.8803863970004566,2
1515,0.10226790461126238,-0.8575422369853112,1
1516,0.1577855957587925,0.2381403247036304,0
1517,0.052983938191774424,-0.5836285945335808,1
1518,-0.3840031946932686,0.0045666244884913255,1
1519,0.1192199270013967,0.3092301310482983,0
1520,-0.9742440708903858,-1.1144483229388213,2
1521,-0.8667706552644099,0.043744260619348496,0
1522,0.5287664309760044,-0.28240517490157635,1
1523,-1.440361919628325,-1.339677149341481,2
1524,0.9110424476089568,1.0484441080575628,3
1525,0.9840478741000278,-0.2715206470700383,1
1526,-1.1137542432352148,-1.0122542748751673,2
1527,-1.0447156822791077,-0.8141622516332936,2
1528,0.3158168281839232,-0.8204988014562249,1
1529,1.5164677229011925,1.5375149779641026,3
1530,1.1448914968775166,1.266959264415225,3
1531,-0.37155092410069074,-0.4856815938335712,1
1532,0.723975360535651,0.960723196995471,3
1533,1.6269216067955894,1.9953194382339865,3
1534,-1.0031911124533879,-0.7876536410704121,2
1535,1.94242423070783,1.5731067450322482,3
1536,1.2655453660363527,1.6037469887218059,3
1537,-2.115868042149546,-1.6384702861150617,2
1538,-0.679812217185404,0.7172963555923328,0
1539,-1.015557724799337,-0.9370345779607173,2
1540,-0.9966122822136985,0.11346453930281544,0
1541,-0.6198087809693115,0.47883816099202364,0
1542,-1.0110236940572312,-1.6800267944851133,2
1543,-0.3015733972620557,0.3800045139199873,0
1544,-0.9200200723145112,-1.2672358187044679,2
1545,-0.8769277635863476,0.2015421183515462,0
1546,-1.2983740539994055,-0.7558758590822934,2
1547,1.3546847098113208,1.2566369217119056,3
1548,-1.1821321809536498,-0.5025175873995497,2
1549,0.9330571123883536,1.3869589225466452,3
1550,-1.423206517827894,-1.9065736859982743,2
1551,1.3448052402733528,1.6589094114224519,3
1552,-0.25992630905780784,0.48066724731720245,0
1553,1.1225939078611666,1.26344157641901,3
1554,-0.5117816709136817,0.4798121717367789,0
1555,0.4364332311961857,-0.5846318986497221,1
1556,1.1909724099389347,1.1720337134957493,3
1557,0.050472578641494,-0.01597070597129982,0
1558,0.811882832083699,-0.8425701012579548,1
1559,1.355591335506056,1.8245298356427524,3
1560,0.28272794604018486,0.5352925973031241,0
1561,-1.0122171785292629,-1.295495165049619,2
1562,1.5525303359134612,1.6836751686130456,3
1563,-1.2648981714459235,-1.1130245793698155,2
1564,0.3459893670224828,-0.6721894295967855,1
1565,1.1950983115812461,1.4209853655928617,3
1566,0.9297666567617708,1.4107991366097699,3
1567,0.06735528063380986,0.5614196358400734,0
1568,-1.654115360959785,-1.2273137983121851,2
1569,-1.6123956988136559,-1.8211831042385926,2
1570,1.620484802046046,1.4266539278400752,3
1571,0.31492138817898024,-0.7080092686251908,1
1572,0.5641709896481892,-0.5654715559445666,1
1573,0.08996880613016053,0.2497583528401775,0
1574,0.4812638337499052,-0.48397952990169046,1
1575,-0.7660093234165196,-0.0985783927656316,0
1576,0.2893373387434167,0.3221558794580308,0
1577,0.7646865404199878,-0.5632154183213233,1
1578,0.8758483313576463,-0.37662017249450797,1
1579,-0.5076866466830254,0.7804685393513996,0
1580,-1.2920891169029662,-1.2237902490223063,2
1581,-0.7062292353139723,-1.1018235103217364,2
1582,0.4132594797749048,0.09985145004177956,0
1583,1.6702759342858227,1.8399804312578893,3
1584,0.73181100825429,-0.6175815771897117,1
1585,-0.6534395858659311,0.3216737586029208,0
1586,-0.8295905214799786,0.01623959057987917,0
1587,-1.2403684596688709,-0.6896886387182598,2
1588,1.6308890355683259,1.243518826964799,3
1589,-0.0013532226937110444,-0.5196138227955586,1
1590,0.48821654502952955,-0.07402011660999074,0
1591,-0.22976840408661742,-0.29261056511288036,1
1592,-1.6113092224246486,-1.3890049062990408,2
1593,-0.9586203145382098,-0.26106337293071424,0
1594,-1.4563739546520675,-1.4185613259148888,2
1595,-0.9323303042335686,-0.14324598470091154,0
1596,0.06623877624512295,-0.838771048250764,1
1597,-0.9214244930377418,-1.2041470813090949,2
1598,-0.641709859633867,-0.5882952596493913,2
1599,1.5523269969234785,1.3374437684633194,3
1600,0.10224046724562683,0.5707742851624922,0
1601,-1.2660701449340943,-0.697610992209537,2
1602,0.04601109020427695,0.42748599890084116,0
1603,0.82209912686524,-0.06450023382156525,1
1604,-0.964784208828753,-1.5487961791939548,2
1605,-1.3362920187292944,-1.361757404905151,2
1606,1.0554082550796744,-0.06314678979123496,1
1607,0.10031087129625917,-0.8233062924766684,1
1608,1.343936411965539,1.5564905957504436,3
1609,0.060992911172963724,-0.6647289380260173,1
1610,-0.41136338425832253,0.32861725164869027,0
1611,-0.6382694740232878,0.2514049950082502,0
1612,-1.5696132552574054,-0.9433098088885052,2
1613,-1.4541791685111543,-1.5135895793653589,2
1614,-1.7601517166000786,-1.6816420309902622,2
1615,0.26631944422873666,-0.8362881926237832,1
1616,-0.8026146578084253,-1.3373502015772814,2
1617,-0.9805227980345179,-0.612148131823953,2
1618,0.24046910829638568,-0.7080379245261054,1
1619,-1.395413894337573,-1.3861458032067564,2
1620,-0.8558823824840986,0.22713680383440452,0
1621,-0.6786196841561365,0.40659829726288893,0
1622,1.3727572419902752,1.351969319464579,3
1623,0.6608181228982227,-0.808478150178892,1
1624,1.2383216834644222,1.3814115352283078,3
1625,1.2518920993235263,1.0452639500262808,3
1626,1.1540156541799165,1.3111473817578205,3
1627,1.0956257426552691,-0.303345535100145,1
1628,-0.14466366557557875,-0.2337403311038396,1
1629,-1.2437450139942332,-1.4506646425346847,2
1630,-0.8598118568930122,0.06469950872523451,0
1631,-0.3711886451672669,-0.05763068692615992,1
1632,-1.8589772476183277,-1.7211749171677309,2
1633,-1.408453418761829,-1.3587028646714634,2
1634,-0.3567033266928318,-0.3086001547116445,1
1635,0.8402111690667002,1.3667534410323476,3
1636,-0.011922809785841556,-0.2785484867673345,1
1637,0.5665142279461944,-0.375093588022042,1
1638,0.8590919647702038,0.8038269800926382,3
1639,1.513079977458873,1.56922185714638,3
1640,1.730887513405475,2.0784538191890394,3
1641,-0.511564444064206,-0.4013934769978342,1
1642,-0.9641549819472204,-1.6714993448023967,2
1643,-0.7132247788273065,-1.2534468223735578,2
1644,-0.8640869412951204,-0.06248995605452674,0
1645,1.3141074877662076,1.311108139146404,3
1646,1.5355000166852812,1.8445197987392965,3
1647,1.546660787415989,1.6289555827425242,3
1648,-0.6040857264988857,0.4350062687986216,0
1649,1.199780501072882,1.5505854973739344,3
1650,0.06156186530357897,-1.0258482330265246,1
1651,-1.2706036613649399,-1.7163188647854908,2
1652,1.2265965859116694,1.2799433611671822,3
1653,1.2843145710406814,1.4435864721490366,3
1654,-1.1878946263034331,-1.25163251354809,2
1655,-1.6155653215920425,-1.5165203124288336,2
1656,0.06498352137702441,-0.7527665178639849,1
1657,-1.7532162852024538,-1.4763073634099,2
1658,0.7425402584865373,-0.6637517950433584,1
1659,0.7906025286997448,-0.43136109484664603,1
1660,-0.19394228799916305,-0.21253804556879724,1
1661,-0.01729845330019792,-0.5534488824198475,1
1662,-0.8500172402801559,-1.0870368651236806,2
1663,0.9118588681982108,1.611484494070948,3
1664,1.3027019522035541,1.278816092584793,3
1665,-0.06351205842459262,-0.6392375502032694,1
1666,-0.2845026079291018,-0.2601535145536058,1
1667,-1.6031362698216796,-1.4844242963739538,2
1668,-1.0385795459680949,-1.3933672086646596,2
1669,1.6540260725226674,1.6267222022905055,3
1670,0.05532964142555605,0.311505944554815,0
1671,-0.6378551755556997,-1.1677362569255223,2
1672,-1.1101003942531658,-1.0199596582581114,2
1673,-0.991315101863192,-1.3190991737147186,2
1674,-1.3619663657562977,-1.0143639775286195,2
1675,-0.8669657432943413,-1.274557264360032,2
1676,1.616748093191948,1.097816519095253,3
1677,0.7315065297150117,-0.5892142355064339,1
1678,-0.013722630550035336,-0.19903697079664262,1
1679,-0.04870533033979394,0.4488635060151222,0
1680,-1.3853991151504033,-1.553556898860857,2
1681,1.0300171774706715,-0.3161058036780117,1
1682,-0.31331980833663603,-0.12341683224102248,1
1683,-0.26258595772296,0.731185254334801,0
1684,1.2806328861510479,1.5184926807025176,3
1685,0.5004477188430121,1.3477994208556585,3
1686,-1.5605208614760113,-1.180510600079589,2
1687,0.3556653212108652,-0.05043462326684682,0
1688,1.8981961384891197,1.8158337711255141,3
1689,1.2494264425884332,1.4568056557597553,3
1690,-1.1254209734285425,-1.370122033847611,2
1691,-1.7221497024980914,-1.1140347738677503,2
1692,-0.5465544936006856,0.4070346996973188,0
1693,-1.2669435640285798,-1.2268839604007422,2
1694,-1.5770384557499628,-1.7380978537506433,2
1695,0.3122476421639923,0.11996823235901737,0
1696,1.8377373370427297,1.704037276926544,3
1697,0.9714085525789454,-0.3799693817497899,1
1698,1.5745226090087387,1.6769095370196976,3
1699,0.6092001624122515,1.2875367730902176,3
1700,0.8584489013434975,-0.2411360623750822,1
1701,-0.8356576894218509,-1.43884276331114,2
1702,0.45919859716314193,0.5415688079770635,0
1703,1.4755638140637186,1.4727366627149312,3
1704,-1.3413662031577263,-0.8786233780626034,2
1705,-0.43622060366131904,0.6669021230211227,0
1706,-0.16082554492778606,-0.5382828791976758,1
1707,-0.1798141294361905,-0.26704037125825786,1
1708,1.2301118522962655,1.6251702442746316,3
1709,-0.2695853393964104,0.5207112460040225,0
1710,1.070035091893473,1.2921095929134183,3
1711,-0.657561440282153,0.30669346147551085,0
1712,0.23843906129961281,-0.1450166364378637,0
1713,-1.1207847293223463,-1.545241695524772,2
1714,1.2544006195639736,1.7929821881349748,3
1715,1.713761115952901,1.700444438801349,3
1716,-1.1519191038221808,-0.6250150353562662,2
1717,-0.033533533012339994,0.3523731385980188,0
1718,0.8105775057773924,-0.367446510012626,1
1719,-1.5967418851467787,-0.9221707140016239,2
1720,-1.1849130999541522,-1.0613907609875146,2
1721,-1.549872618618314,-1.4579685881168878,2
1722,-1.4598994313591087,-1.5419351263977576,2
1723,-1.5296185065375303,-0.7082232274392845,2
1724,-0.8291162855556282,0.2979993277394013,0
1725,-0.31600066466699783,0.42515676715292244,0
1726,1.08891284460873,1.177488517567627,3
1727,-1.1061661310656463,-1.1524073929676895,2
1728,-0.05204239004366952,0.3803832643309965,0
1729,-0.11266000455113538,-0.3756978196799141,1
1730,-0.81093100441473,0.20325833650060887,0
1731,-0.10309129267910647,-0.8641945485264519,1
1732,-0.7199954841530987,-1.520740990689549,2
1733,-1.143661764013706,-1.5585489928999074,2
1734,-0.2347338811480361,-0.15336250596863896,1
1735,-0.9442873094787538,-1.4324335128954804,2
1736,-1.6668748592333458,-1.155422041391727,2
1737,-0.37242254869541436,-0.5167242605554334,1
1738,-1.3382992749112046,-1.7583937667285745,2
1739,0.8029724054532388,-0.2979631418935475,1
1740,0.17341596788010682,0.38229825362778574,0
1741,-1.0959285974137272,-1.5584364039875098,2
1742,0.4875086017970237,0.450189760566842,0
1743,-1.2657209712763926,-1.4067761004191228,2
1744,-0.20429863886061092,-0.5506019601657539,1
1745,-0.1581671488162415,0.39873931678886065,0
1746,-0.8514566249829905,-0.432108924559591,2
1747,-1.122954151999132,-1.056273203155901,2
1748,-0.3044722386753408,-0.4073397302525462,1
1749,-1.20019986902941,-0.8340715975396835,2
1750,1.0920152439178505,1.179973519004212,3
1751,0.16940473733579423,-0.025986667585346773,0
1752,-1.2959125405831653,-1.725945322248804,2
1753,-1.7189441406558057,-1.331858828914027,2
1754,0.7885540949720002,-0.27946214250317475,1
1755,1.317145404084922,1.3443587047688779,3
1756,0.7550672805427976,0.8578549184583378,3
1757,-0.7242585599697362,0.5966159533041193,0
1758,0.895667689329247,0.8623413943859695,3
1759,1.283197200171678,1.4825703620623651,3
1760,1.7360288405105568,1.5043893693296662,3
1761,0.2779985646733704,0.40315391080178464,0
1762,-0.912669139848283,0.4494635102280965,0
1763,-1.0739642830682385,-0.8691416695400831,2
1764,-0.4592739662419751,-0.39107847246646815,1
1765,-0.7335125707291035,-1.1388578149665145,2
1766,-1.641413985490855,-1.5710646651357651,2
1767,-1.3935116276081903,-1.0898035514530922,2
1768,0.2783061343855807,-0.8655185498336334,1
1769,0.24147790702757946,-0.5457279886544156,1
1770,-0.9093833134972338,0.23289823982917415,0
1771,0.47182763606790507,-0.7343654260691658,1
1772,-1.9364951806383393,-1.5618965624843937,2
1773,1.3886318187190152,2.135642907846616,3
1774,-1.2421430156867146,-1.4142083191959132,2
1775,-1.1473580779316497,0.17016532558433264,0
1776,-1.9002848385218651,-1.143570858983952,2
1777,1.4365000408304258,1.0898848174022062,3
1778,0.7995340785753722,-0.6311781820070671,1
1779,0.4554201847528545,-0.641813749716601,1
1780,1.0182706686227847,1.7332996311317372,3
1781,0.5876094118241822,-0.8187278895728191,1
1782,-0.05586655219406525,0.30768374540260524,0
1783,-0.21823745875875647,-0.27993722134701915,1
1784,1.4762472658843473,1.3887866622624523,3
1785,-0.7356676724883326,-0.7856361122616106,2
1786,1.326827097649009,1.3403868919402162,3
1787,-0.711628761558506,0.7265334873576648,0
1788,-1.7096786114504423,-1.0254388748542422,2
1789,-1.207207857537738,-1.2536326580478412,2
1790,-0.8557095176331619,0.2933685135147915,0
1791,1.0033445425509864,1.2410788465679916,3
1792,0.13801590330054633,-0.6326949658531914,1
1793,1.6817409618720291,1.8488082295444666,3
1794,1.3903642219117414,1.8099546299414424,3
1795,-0.33828538041219053,0.1830399247574275,0
1796,-1.3350107966483196,-0.9933329475460115,2
1797,-1.2993304341777512,-1.3911166398396457,2
1798,0.30769224503438036,-0.25483254412408424,0
1799,-0.20881559458736754,0.6995341294437049,0
